Variable,VIF
Poverty,2.96477236837823
Distance,1.0331005356223963
PopulationDensity,2.915756807122446
