Test,Statistic,p_value
Breusch-Pagan,6.993040067280686,0.072119940380448
White,22.620827182947558,0.007106441365305466
