Model,Moran_I,p_value,pct_reduction_vs_OLS
OLS,0.3381001195311731,0.001,
SLM,0.04462879641549583,0.076,86.80012403504016
SEM,0.07999544053067871,0.011,76.33971835277536
