Variable,VIF
Poverty,2.0358843703534557
Distance,1.0535196358839924
PopulationDensity,2.0730329876726667
