Test,Statistic,p_value
Breusch-Pagan,162.73427669951081,4.710043810408869e-35
White,445.4973672915072,2.6304582974424047e-90
