Model,AIC,R2
OLS,468.6190491723904,0.1371371076037946
SLM,316.7675118227077,0.6943300640951964
SEM,162.40954733851214,0.07685232665429861
