Model,Moran_I,p_value,pct_reduction_vs_OLS
OLS,0.3365092455289133,0.001,
SLM,0.050854528952519774,0.066,84.88762801373008
SEM,0.09670934771040043,0.007,71.26101318304163
