Model,Moran_I,p_value,pct_reduction_vs_OLS
OLS,0.6650494438671629,0.001,
SLM,0.17349629426934973,0.001,73.91227135527025
SEM,0.09685175103270165,0.001,85.43690970260448
