Model,AIC,R2
OLS,9389.400297255666,0.10226505546322107
SLM,6775.5897247610865,0.6605234634272444
SEM,5533.916205046496,0.09481264513378582
