Test,Statistic,p_value
Breusch-Pagan,101.63299092976943,6.923818240736671e-22
White,795.0576316525451,2.4626669382662675e-165
