Variable,VIF
Poverty,1.7717000733175445
Distance,1.0258121914806864
PopulationDensity,1.750500017341376
