Model,Moran_I,p_value,pct_reduction_vs_OLS
OLS,0.4175227958834082,0.001,
SLM,0.14435555369479494,0.002,65.42570726243514
SEM,0.057299867232932726,0.1,86.27623023272399
