Model,AIC,R2
OLS,286.97706674853794,0.10229500056077079
SLM,252.2191332981684,0.5034006507356962
SEM,161.78214798291634,0.024714269082737605
