Variable,VIF
Poverty,2.9033646999602993
Distance,1.032300778563093
PopulationDensity,2.8522665555668056
