Test,Statistic,p_value
Breusch-Pagan,8.770920997651665,0.03249688290226809
White,22.239938754902447,0.008148863079533646
