Model,Moran_I,p_value,pct_reduction_vs_OLS
OLS,0.37130960541010133,0.001,
SLM,0.12174267253408892,0.005,67.21262505460169
SEM,0.027379478429214645,0.209,92.62624019678275
