Model,Moran_I,p_value,pct_reduction_vs_OLS
OLS,0.3488708739125821,0.001,
SLM,0.2050413084793648,0.001,41.22716345453854
SEM,0.1319495953386863,0.003,62.17809934693791
