Model,AIC,R2
OLS,247.71800521206234,0.6485757225230675
SLM,230.8658606427608,0.6976474748451391
SEM,173.1544311410064,0.5885946948377072
