Variable,VIF
Poverty,1.8370636180542848
Distance,1.2588466614708076
PopulationDensity,1.9397698800263983
