Test,Statistic,p_value
Breusch-Pagan,30.213066959146705,1.244726010599285e-06
White,57.079820537125705,4.878754954955472e-09
