Model,Moran_I,p_value,pct_reduction_vs_OLS
OLS,0.381786759144056,0.001,
SLM,0.3822799073718363,0.001,-0.12916849942252728
SEM,0.054248475780889115,0.05,85.79089649350044
