Variable,VIF
Poverty,4.9927214137320455
Distance,1.0403713103402858
PopulationDensity,5.073080169841943
