Model,AIC,R2
OLS,114.14932192275106,0.6762432875055123
SLM,103.16200591321078,0.7530228922111813
SEM,72.29847189335256,0.5994401346556973
