Model,Moran_I,p_value,pct_reduction_vs_OLS
OLS,0.40750437376486015,0.001,
SLM,0.15070730878116043,0.012,63.0170082866099
SEM,0.11211703579282359,0.027,72.48691228587455
