Variable,VIF
Poverty,2.9802532620459443
Distance,1.3444858867339455
PopulationDensity,3.152149522025611
