Test,Statistic,p_value
Breusch-Pagan,10.74102613494437,0.013211927861922011
White,11.81420833127142,0.22398717977811283
