Variable,VIF
Poverty,2.062669038423941
Distance,1.2362855907756478
PopulationDensity,2.1340991324288874
