Test,Statistic,p_value
Breusch-Pagan,13.906492591215079,0.0030352351514223675
White,46.72377284154509,4.4180297190528153e-07
