Model,Moran_I,p_value,pct_reduction_vs_OLS
OLS,0.6239745048874793,0.001,
SLM,0.29470568072583475,0.001,52.76959580600513
SEM,0.13713332790683327,0.001,78.02260720066401
