Model,Moran_I,p_value,pct_reduction_vs_OLS
OLS,0.5767580585415272,0.001,
SLM,0.2840239676400261,0.001,50.75509333007852
SEM,0.13479235790552802,0.001,76.6293065334218
