Model,AIC,R2
OLS,411.04993640598303,0.5628057399794544
SLM,353.1025801480319,0.6775502657657374
SEM,218.66959979103046,0.5605408008366902
