Test,Statistic,p_value
Breusch-Pagan,14.710783454702522,0.0020812512705242385
White,46.58534654236899,4.6879415109726387e-07
