Variable,VIF
Poverty,4.827781768428069
Distance,1.0450980150683569
PopulationDensity,4.907729078006884
