Model,AIC,R2
OLS,509.09259907456294,0.13953110094712273
SLM,349.77639732708224,0.6816403861448065
SEM,196.02683220769944,0.0688859956350533
