Model,Moran_I,p_value,pct_reduction_vs_OLS
OLS,0.652124366035413,0.001,
SLM,0.2952130246313218,0.001,54.73056367666984
SEM,0.43268595663071857,0.001,33.64977921907277
