Model,AIC,R2
OLS,47348.15987572077,0.06927028892108544
SLM,32450.231691853915,0.6760315769079772
SEM,26711.156601684583,0.03783975111950062
