Model,AIC,R2
OLS,289.44870453416695,0.07671352368306761
SLM,259.68622898743746,0.44976412055471177
SEM,181.08183741360347,0.013619074306376596
