Variable,VIF
Poverty,1.6781667707358825
Distance,1.0168691273182842
PopulationDensity,1.6960916845598002
