Test,Statistic,p_value
Breusch-Pagan,210.60411724891375,2.1558480290063207e-45
White,1358.5381995856237,7.013272222152834e-287
