Model,AIC,R2
OLS,435.028980254347,0.5999220938251562
SLM,356.75531141474056,0.7319484959279484
SEM,216.41406376435668,0.5962196097391337
