Test,Statistic,p_value
Breusch-Pagan,68.30543931894996,9.841335993204422e-15
White,73.30336267664882,3.4146981510662545e-12
