Model,AIC,R2
OLS,422.42073764682544,0.5243527171764621
SLM,424.4204637020778,0.5243534209817066
SEM,72.07383196877771,0.48031566478831955
