Test,Statistic,p_value
Breusch-Pagan,13.234112519658996,0.004156729472092049
White,28.80997932669373,0.0006976294290751574
