Variable,VIF
Poverty,1.7904743821700626
Distance,1.32814480462818
PopulationDensity,2.072920258275231
