Test,Statistic,p_value
Breusch-Pagan,16.575418302151427,0.0008640238589743631
White,47.987796599119065,2.567506503725191e-07
