Variable,VIF
Poverty,1.8793910977331796
Distance,1.2477383443792565
PopulationDensity,1.975498637144403
